{"RootPath":"C:\\Users\\Alumnado\\Downloads\\Expendedoras-20240819T171030Z-001\\Expendedoras","ProjectFileName":"Expendedoras.csproj","Configuration":"Debug|AnyCPU","FrameworkPath":"","Sources":[{"SourceFile":"Class1.cs"},{"SourceFile":"Expendedora.cs"},{"SourceFile":"Program.cs"},{"SourceFile":"Properties\\AssemblyInfo.cs"},{"SourceFile":"obj\\Debug\\.NETFramework,Version=v4.7.2.AssemblyAttributes.cs"}],"References":[{"Reference":"C:\\Program Files (x86)\\Reference Assemblies\\Microsoft\\Framework\\.NETFramework\\v4.7.2\\mscorlib.dll","ResolvedFrom":"","OriginalItemSpec":"","Name":"","EmbedInteropTypes":false,"CopyLocal":false,"IsProjectReference":false,"ProjectPath":""},{"Reference":"C:\\Program Files (x86)\\Reference Assemblies\\Microsoft\\Framework\\.NETFramework\\v4.7.2\\System.Core.dll","ResolvedFrom":"","OriginalItemSpec":"","Name":"","EmbedInteropTypes":false,"CopyLocal":false,"IsProjectReference":false,"ProjectPath":""},{"Reference":"C:\\Program Files (x86)\\Reference Assemblies\\Microsoft\\Framework\\.NETFramework\\v4.7.2\\System.dll","ResolvedFrom":"","OriginalItemSpec":"","Name":"","EmbedInteropTypes":false,"CopyLocal":false,"IsProjectReference":false,"ProjectPath":""}],"Analyzers":[],"Outputs":[{"OutputItemFullPath":"C:\\Users\\Alumnado\\Downloads\\Expendedoras-20240819T171030Z-001\\Expendedoras\\bin\\Debug\\Expendedoras.exe","OutputItemRelativePath":"Expendedoras.exe"},{"OutputItemFullPath":"C:\\Users\\Alumnado\\Downloads\\Expendedoras-20240819T171030Z-001\\Expendedoras\\bin\\Debug\\Expendedoras.pdb","OutputItemRelativePath":"Expendedoras.pdb"}],"CopyToOutputEntries":[]}